185.177.126.134,2025-06-13T17:56:09.488430,Safe,0,NL,2
185.177.126.134,2025-06-13T17:56:25.043753,Safe,0,NL,2
185.177.126.134,2025-06-13T17:58:54.390032,Safe,0,NL,2
185.177.126.134,2025-06-13T17:59:04.101345,Safe,0,NL,2
185.177.126.134,2025-06-13T17:59:14.746448,Safe,0,NL,2
185.177.126.134,2025-06-13T18:08:05.171974,Safe,0,NL,2
185.177.126.134,2025-06-13T18:11:36.029763,Safe,0,NL,2
185.177.126.134,2025-06-13T18:14:55.550382,Safe,0,NL,2
185.177.126.134,2025-06-13T18:16:49.569933,Safe,0,NL,2
185.177.126.134,2025-06-13T18:26:43.678186,Safe,0,NL,13
185.177.126.134,2025-06-13T18:28:41.178593,Safe,0,NL,13
185.177.126.134,2025-06-13T18:32:34.312667,Safe,0,NL,13
185.177.126.134,2025-06-13T18:32:45.217167,Safe,0,NL,13
185.177.126.134,2025-06-13T18:33:32.460158,Safe,0,NL,13
185.177.126.134,2025-06-13T18:33:38.676665,Safe,0,NL,13
185.177.126.134,2025-06-13T18:39:15.072912,Safe,10,NL,13
185.177.126.134,2025-06-13T23:12:19.047520,Safe,10,NL,13
185.177.126.134,2025-06-13T23:12:49.447412,Safe,10,NL,13
 138.199.21.212,2025-06-14T12:23:08.176561,Safe,7,JP,17
 138.199.21.212,2025-06-14T12:52:41.218268,Safe,7,JP,17
 138.199.21.212,2025-06-14T12:55:27.921895,Safe,7,JP,17
 138.199.21.212,2025-06-14T12:58:06.232117,Safe,7,JP,17
 138.199.21.212,2025-06-14T12:59:12.355189,Safe,7,JP,17
 138.199.21.212,2025-06-14T13:04:37.752891,Safe,7,JP,17
 138.199.21.212,2025-06-14T13:06:28.579052,Safe,7,JP,17
 138.199.21.212,2025-06-14T13:11:43.037886,Safe,7,JP,17
 138.199.21.212,2025-06-14T13:11:55.998687,Safe,7,JP,17
 138.199.21.212,2025-06-14T13:14:19.695509,Safe,7,JP,17
185.177.126.134,2025-06-14T13:14:56.994550,Safe,10,NL,13
138.199.21.212,2025-06-14T13:21:29.065500,Safe,7,JP,17
 138.199.21.212,2025-06-14T13:25:23.675908,Safe,7,JP,17
 138.199.21.212,2025-06-14T18:58:48.215238,Safe,7,JP,17
 138.199.21.212,2025-06-14T18:59:35.025587,Safe,7,JP,17
 138.199.21.212,2025-06-14T19:03:17.629752,Safe,7,JP,17
 138.199.21.212,2025-06-14T19:08:18.651031,Safe,7,JP,17
2001:41d0:303:6faa::1,2025-06-14T19:15:46.662105,Dangerous,60,FR,44
2001:41d0:303:6faa::1,2025-06-14T23:14:39.656589,High Risk,60,FR,44
201.72.76.66,2025-06-14T23:16:04.391269,Suspicious,32,BR,108
2001:41d0:303:6faa::1,2025-06-14T23:22:53.525709,High Risk,60,FR,44
201.72.76.66,2025-06-14T23:23:09.664109,Suspicious,32,BR,108
2001:41d0:303:6faa::1,2025-06-14T23:27:03.395151,High Risk,60,FR,44
2001:41d0:303:6faa::1,2025-06-14T23:27:15.067577,High Risk,60,FR,44
2001:41d0:303:6faa::1,2025-06-14T23:28:15.136745,High Risk,60,FR,44
59.182.227.176,2025-06-27T09:22:21.057590,Safe,0,IN,0
20.65.195.49,2025-06-27T09:23:12.379097,Critical Threat,100,US,1604
20.65.195.49,2025-06-27T09:41:23.644056,Critical Threat,100,US,1604
47.79.199.168,2025-06-27T09:44:35.070205,Suspicious,40,SG,15
86.120.178.235,2025-06-27T09:45:01.551365,Safe,4,RO,3
47.79.199.168,2025-06-27T09:48:35.077388,Suspicious,42,SG,16
 138.199.21.212,2025-06-27T10:08:14.514637,Suspicious,0,JP,17
185.177.126.134,2025-06-27T10:08:22.044167,Low Risk,15,NL,14
2001:41d0:303:6faa::1,2025-06-27T10:08:39.442569,Critical Threat,79,FR,56
59.182.227.176,2025-06-27T10:08:47.630216,Safe,0,IN,0
 138.199.21.212,2025-06-27T11:06:07.132201,Suspicious,0,JP,17
 138.199.21.212,2025-06-27T11:47:34.950482,Suspicious,0,JP,17
47.79.199.168,2025-06-27T11:48:05.679196,Suspicious,42,SG,16
59.182.227.176,2025-06-27T11:48:16.186258,Safe,0,IN,0
2001:41d0:303:6faa::1,2025-06-27T11:48:23.558415,Critical Threat,79,FR,56
59.182.227.176,2025-06-27T11:49:25.552632,Safe,0,IN,0
47.79.199.168,2025-06-27T11:49:33.113071,Suspicious,42,SG,16
59.182.227.176,2025-06-27T11:49:39.397355,Safe,0,IN,0
2001:41d0:303:6faa::1,2025-06-27T11:49:43.256689,Critical Threat,79,FR,56
59.182.227.176,2025-06-27T11:50:23.039126,Safe,0,IN,0
47.79.199.168,2025-06-27T11:50:32.441964,Suspicious,42,SG,16
